<Anims>
 <anim name="anim_90s" root="DIG_level_meter" numframes="750" framerate="40">
  <frame idx="0" w="98" h="103" x="-8.473900" y="-8.647600">
   <element name="frame_circle" layername="frame_circle" frame="0" z_index="0" m_a="1.000000" m_b="0.000000" m_c="0.000000" m_d="1.000000" m_tx="-39.500000" m_ty="-41.500000"/>
   <element name="heart" layername="heart" frame="0" z_index="1" m_a="1.000000" m_b="0.000000" m_c="0.000000" m_d="1.000000" m_tx="-25.101101" m_ty="-22.980400"/>
   <element name="health_level" layername="health_level" frame="0" z_index="2" m_a="1.000000" m_b="0.000000" m_c="0.000000" m_d="1.000000" m_tx="-33.094700" m_ty="-33.278999"/>
   <element name="bg" layername="bg" frame="0" z_index="3" m_a="1.000000" m_b="0.000000" m_c="0.000000" m_d="1.000000" m_tx="-31.605200" m_ty="-31.136999"/>
   <element name="bg2" layername="bg2" frame="0" z_index="4" m_a="1.000000" m_b="0.000000" m_c="0.000000" m_d="1.000000" m_tx="-31.973900" m_ty="-31.647600"/>
  </frame>
  <frame idx="25" w="98" h="104" x="-8.473900" y="-9.792702">
   <element name="frame_circle" layername="frame_circle" frame="0" z_index="0" m_a="1.000000" m_b="0.000000" m_c="0.000000" m_d="1.000000" m_tx="-39.500000" m_ty="-41.500000"/>
   <element name="heart" layername="heart" frame="0" z_index="1" m_a="1.000000" m_b="0.000000" m_c="0.000000" m_d="1.000000" m_tx="-25.101101" m_ty="-22.980400"/>
   <element name="health_level" layername="health_level" frame="0" z_index="2" m_a="1.000000" m_b="0.000000" m_c="0.000000" m_d="1.000000" m_tx="-33.094601" m_ty="-34.792702"/>
   <element name="bg" layername="bg" frame="0" z_index="3" m_a="1.000000" m_b="0.000000" m_c="0.000000" m_d="1.000000" m_tx="-31.605200" m_ty="-31.136999"/>
   <element name="bg2" layername="bg2" frame="0" z_index="4" m_a="1.000000" m_b="0.000000" m_c="0.000000" m_d="1.000000" m_tx="-31.973900" m_ty="-31.647600"/>
  </frame>
  <frame idx="50" w="98" h="103" x="-8.473900" y="-8.647600">
   <element name="frame_circle" layername="frame_circle" frame="0" z_index="0" m_a="1.000000" m_b="0.000000" m_c="0.000000" m_d="1.000000" m_tx="-39.500000" m_ty="-41.500000"/>
   <element name="heart" layername="heart" frame="0" z_index="1" m_a="1.000000" m_b="0.000000" m_c="0.000000" m_d="1.000000" m_tx="-25.101101" m_ty="-22.980400"/>
   <element name="health_level" layername="health_level" frame="9" z_index="2" m_a="1.000000" m_b="0.000000" m_c="0.000000" m_d="1.000000" m_tx="-33.091099" m_ty="-31.322399"/>
   <element name="bg" layername="bg" frame="0" z_index="3" m_a="1.000000" m_b="0.000000" m_c="0.000000" m_d="1.000000" m_tx="-31.605200" m_ty="-31.136999"/>
   <element name="bg2" layername="bg2" frame="0" z_index="4" m_a="1.000000" m_b="0.000000" m_c="0.000000" m_d="1.000000" m_tx="-31.973900" m_ty="-31.647600"/>
  </frame>
  <frame idx="75" w="98" h="103" x="-8.473900" y="-8.647600">
   <element name="frame_circle" layername="frame_circle" frame="0" z_index="0" m_a="1.000000" m_b="0.000000" m_c="0.000000" m_d="1.000000" m_tx="-39.500000" m_ty="-41.500000"/>
   <element name="heart" layername="heart" frame="0" z_index="1" m_a="1.000000" m_b="0.000000" m_c="0.000000" m_d="1.000000" m_tx="-25.101101" m_ty="-22.980400"/>
   <element name="health_level" layername="health_level" frame="9" z_index="2" m_a="1.000000" m_b="0.000000" m_c="0.000000" m_d="1.000000" m_tx="-33.086002" m_ty="-27.586054"/>
   <element name="bg" layername="bg" frame="0" z_index="3" m_a="1.000000" m_b="0.000000" m_c="0.000000" m_d="1.000000" m_tx="-31.605200" m_ty="-31.136999"/>
   <element name="bg2" layername="bg2" frame="0" z_index="4" m_a="1.000000" m_b="0.000000" m_c="0.000000" m_d="1.000000" m_tx="-31.973900" m_ty="-31.647600"/>
  </frame>
  <frame idx="100" w="98" h="103" x="-8.473900" y="-8.647600">
   <element name="frame_circle" layername="frame_circle" frame="0" z_index="0" m_a="1.000000" m_b="0.000000" m_c="0.000000" m_d="1.000000" m_tx="-39.500000" m_ty="-41.500000"/>
   <element name="heart" layername="heart" frame="0" z_index="1" m_a="1.000000" m_b="0.000000" m_c="0.000000" m_d="1.000000" m_tx="-25.101101" m_ty="-22.980400"/>
   <element name="health_level" layername="health_level" frame="16" z_index="2" m_a="1.000000" m_b="0.000000" m_c="0.000000" m_d="1.000000" m_tx="-33.080101" m_ty="-23.239901"/>
   <element name="bg" layername="bg" frame="0" z_index="3" m_a="1.000000" m_b="0.000000" m_c="0.000000" m_d="1.000000" m_tx="-31.605200" m_ty="-31.136999"/>
   <element name="bg2" layername="bg2" frame="0" z_index="4" m_a="1.000000" m_b="0.000000" m_c="0.000000" m_d="1.000000" m_tx="-31.973900" m_ty="-31.647600"/>
  </frame>
  <frame idx="125" w="98" h="103" x="-8.473900" y="-8.647600">
   <element name="frame_circle" layername="frame_circle" frame="0" z_index="0" m_a="1.000000" m_b="0.000000" m_c="0.000000" m_d="1.000000" m_tx="-39.500000" m_ty="-41.500000"/>
   <element name="heart" layername="heart" frame="0" z_index="1" m_a="1.000000" m_b="0.000000" m_c="0.000000" m_d="1.000000" m_tx="-25.101101" m_ty="-22.980400"/>
   <element name="health_level" layername="health_level" frame="16" z_index="2" m_a="1.000000" m_b="0.000000" m_c="0.000000" m_d="1.000000" m_tx="-33.074600" m_ty="-23.167601"/>
   <element name="bg" layername="bg" frame="0" z_index="3" m_a="1.000000" m_b="0.000000" m_c="0.000000" m_d="1.000000" m_tx="-31.605200" m_ty="-31.136999"/>
   <element name="bg2" layername="bg2" frame="0" z_index="4" m_a="1.000000" m_b="0.000000" m_c="0.000000" m_d="1.000000" m_tx="-31.973900" m_ty="-31.647600"/>
  </frame>
  <frame idx="150" w="98" h="103" x="-8.473900" y="-8.647600">
   <element name="frame_circle" layername="frame_circle" frame="0" z_index="0" m_a="1.000000" m_b="0.000000" m_c="0.000000" m_d="1.000000" m_tx="-39.500000" m_ty="-41.500000"/>
   <element name="heart" layername="heart" frame="0" z_index="1" m_a="1.000000" m_b="0.000000" m_c="0.000000" m_d="1.000000" m_tx="-25.101101" m_ty="-22.980400"/>
   <element name="health_level" layername="health_level" frame="17" z_index="2" m_a="1.000000" m_b="0.000000" m_c="0.000000" m_d="1.000000" m_tx="-33.069199" m_ty="-23.095301"/>
   <element name="bg" layername="bg" frame="0" z_index="3" m_a="1.000000" m_b="0.000000" m_c="0.000000" m_d="1.000000" m_tx="-31.605200" m_ty="-31.136999"/>
   <element name="bg2" layername="bg2" frame="0" z_index="4" m_a="1.000000" m_b="0.000000" m_c="0.000000" m_d="1.000000" m_tx="-31.973900" m_ty="-31.647600"/>
  </frame>
  <frame idx="175" w="98" h="103" x="-8.473900" y="-8.647600">
   <element name="frame_circle" layername="frame_circle" frame="0" z_index="0" m_a="1.000000" m_b="0.000000" m_c="0.000000" m_d="1.000000" m_tx="-39.500000" m_ty="-41.500000"/>
   <element name="heart" layername="heart" frame="0" z_index="1" m_a="1.000000" m_b="0.000000" m_c="0.000000" m_d="1.000000" m_tx="-25.101101" m_ty="-22.980400"/>
   <element name="health_level" layername="health_level" frame="18" z_index="2" m_a="1.000000" m_b="0.000000" m_c="0.000000" m_d="1.000000" m_tx="-33.063702" m_ty="-19.054100"/>
   <element name="bg" layername="bg" frame="0" z_index="3" m_a="1.000000" m_b="0.000000" m_c="0.000000" m_d="1.000000" m_tx="-31.605200" m_ty="-31.136999"/>
   <element name="bg2" layername="bg2" frame="0" z_index="4" m_a="1.000000" m_b="0.000000" m_c="0.000000" m_d="1.000000" m_tx="-31.973900" m_ty="-31.647600"/>
  </frame>
  <frame idx="200" w="98" h="103" x="-8.473900" y="-8.647600">
   <element name="frame_circle" layername="frame_circle" frame="0" z_index="0" m_a="1.000000" m_b="0.000000" m_c="0.000000" m_d="1.000000" m_tx="-39.500000" m_ty="-41.500000"/>
   <element name="heart" layername="heart" frame="0" z_index="1" m_a="1.000000" m_b="0.000000" m_c="0.000000" m_d="1.000000" m_tx="-25.101101" m_ty="-22.980400"/>
   <element name="health_level" layername="health_level" frame="19" z_index="2" m_a="1.000000" m_b="0.000000" m_c="0.000000" m_d="1.000000" m_tx="-33.058201" m_ty="-15.012900"/>
   <element name="bg" layername="bg" frame="0" z_index="3" m_a="1.000000" m_b="0.000000" m_c="0.000000" m_d="1.000000" m_tx="-31.605200" m_ty="-31.136999"/>
   <element name="bg2" layername="bg2" frame="0" z_index="4" m_a="1.000000" m_b="0.000000" m_c="0.000000" m_d="1.000000" m_tx="-31.973900" m_ty="-31.647600"/>
  </frame>
  <frame idx="225" w="98" h="103" x="-8.473900" y="-8.647600">
   <element name="frame_circle" layername="frame_circle" frame="0" z_index="0" m_a="1.000000" m_b="0.000000" m_c="0.000000" m_d="1.000000" m_tx="-39.500000" m_ty="-41.500000"/>
   <element name="heart" layername="heart" frame="0" z_index="1" m_a="1.000000" m_b="0.000000" m_c="0.000000" m_d="1.000000" m_tx="-25.101101" m_ty="-22.980400"/>
   <element name="health_level" layername="health_level" frame="19" z_index="2" m_a="1.000000" m_b="0.000000" m_c="0.000000" m_d="1.000000" m_tx="-33.052700" m_ty="-14.940600"/>
   <element name="bg" layername="bg" frame="0" z_index="3" m_a="1.000000" m_b="0.000000" m_c="0.000000" m_d="1.000000" m_tx="-31.605200" m_ty="-31.136999"/>
   <element name="bg2" layername="bg2" frame="0" z_index="4" m_a="1.000000" m_b="0.000000" m_c="0.000000" m_d="1.000000" m_tx="-31.973900" m_ty="-31.647600"/>
  </frame>
  <frame idx="250" w="98" h="103" x="-8.473900" y="-8.647600">
   <element name="frame_circle" layername="frame_circle" frame="0" z_index="0" m_a="1.000000" m_b="0.000000" m_c="0.000000" m_d="1.000000" m_tx="-39.500000" m_ty="-41.500000"/>
   <element name="heart" layername="heart" frame="1" z_index="1" m_a="1.000000" m_b="0.000000" m_c="0.000000" m_d="1.000000" m_tx="-25.101101" m_ty="-22.980400"/>
   <element name="health_level" layername="health_level" frame="20" z_index="2" m_a="1.000000" m_b="0.000000" m_c="0.000000" m_d="1.000000" m_tx="-33.047199" m_ty="-14.868300"/>
   <element name="bg" layername="bg" frame="0" z_index="3" m_a="1.000000" m_b="0.000000" m_c="0.000000" m_d="1.000000" m_tx="-31.605200" m_ty="-31.136999"/>
   <element name="bg2" layername="bg2" frame="0" z_index="4" m_a="1.000000" m_b="0.000000" m_c="0.000000" m_d="1.000000" m_tx="-31.973900" m_ty="-31.647600"/>
  </frame>
  <frame idx="275" w="98" h="103" x="-8.473900" y="-8.647600">
   <element name="frame_circle" layername="frame_circle" frame="0" z_index="0" m_a="1.000000" m_b="0.000000" m_c="0.000000" m_d="1.000000" m_tx="-39.500000" m_ty="-41.500000"/>
   <element name="heart" layername="heart" frame="1" z_index="1" m_a="1.000000" m_b="0.000000" m_c="0.000000" m_d="1.000000" m_tx="-25.101101" m_ty="-22.980400"/>
   <element name="health_level" layername="health_level" frame="21" z_index="2" m_a="1.000000" m_b="0.000000" m_c="0.000000" m_d="1.000000" m_tx="-33.041698" m_ty="-10.827000"/>
   <element name="bg" layername="bg" frame="0" z_index="3" m_a="1.000000" m_b="0.000000" m_c="0.000000" m_d="1.000000" m_tx="-31.605200" m_ty="-31.136999"/>
   <element name="bg2" layername="bg2" frame="0" z_index="4" m_a="1.000000" m_b="0.000000" m_c="0.000000" m_d="1.000000" m_tx="-31.973900" m_ty="-31.647600"/>
  </frame>
  <frame idx="300" w="98" h="103" x="-8.473900" y="-8.647600">
   <element name="frame_circle" layername="frame_circle" frame="0" z_index="0" m_a="1.000000" m_b="0.000000" m_c="0.000000" m_d="1.000000" m_tx="-39.500000" m_ty="-41.500000"/>
   <element name="heart" layername="heart" frame="1" z_index="1" m_a="1.000000" m_b="0.000000" m_c="0.000000" m_d="1.000000" m_tx="-25.101101" m_ty="-22.980400"/>
   <element name="health_level" layername="health_level" frame="8" z_index="2" m_a="1.000000" m_b="0.000000" m_c="0.000000" m_d="1.000000" m_tx="-33.036301" m_ty="-10.754700"/>
   <element name="bg" layername="bg" frame="0" z_index="3" m_a="1.000000" m_b="0.000000" m_c="0.000000" m_d="1.000000" m_tx="-31.605200" m_ty="-31.136999"/>
   <element name="bg2" layername="bg2" frame="0" z_index="4" m_a="1.000000" m_b="0.000000" m_c="0.000000" m_d="1.000000" m_tx="-31.973900" m_ty="-31.647600"/>
  </frame>
  <frame idx="325" w="98" h="103" x="-8.473900" y="-8.647600">
   <element name="frame_circle" layername="frame_circle" frame="0" z_index="0" m_a="1.000000" m_b="0.000000" m_c="0.000000" m_d="1.000000" m_tx="-39.500000" m_ty="-41.500000"/>
   <element name="heart" layername="heart" frame="1" z_index="1" m_a="1.000000" m_b="0.000000" m_c="0.000000" m_d="1.000000" m_tx="-25.101101" m_ty="-22.980400"/>
   <element name="health_level" layername="health_level" frame="8" z_index="2" m_a="1.000000" m_b="0.000000" m_c="0.000000" m_d="1.000000" m_tx="-33.030800" m_ty="-10.682400"/>
   <element name="bg" layername="bg" frame="0" z_index="3" m_a="1.000000" m_b="0.000000" m_c="0.000000" m_d="1.000000" m_tx="-31.605200" m_ty="-31.136999"/>
   <element name="bg2" layername="bg2" frame="0" z_index="4" m_a="1.000000" m_b="0.000000" m_c="0.000000" m_d="1.000000" m_tx="-31.973900" m_ty="-31.647600"/>
  </frame>
  <frame idx="350" w="98" h="103" x="-8.473900" y="-8.647600">
   <element name="frame_circle" layername="frame_circle" frame="0" z_index="0" m_a="1.000000" m_b="0.000000" m_c="0.000000" m_d="1.000000" m_tx="-39.500000" m_ty="-41.500000"/>
   <element name="heart" layername="heart" frame="1" z_index="1" m_a="1.000000" m_b="0.000000" m_c="0.000000" m_d="1.000000" m_tx="-25.101101" m_ty="-22.980400"/>
   <element name="health_level" layername="health_level" frame="8" z_index="2" m_a="1.000000" m_b="0.000000" m_c="0.000000" m_d="1.000000" m_tx="-33.025703" m_ty="-6.946102"/>
   <element name="bg" layername="bg" frame="0" z_index="3" m_a="1.000000" m_b="0.000000" m_c="0.000000" m_d="1.000000" m_tx="-31.605200" m_ty="-31.136999"/>
   <element name="bg2" layername="bg2" frame="0" z_index="4" m_a="1.000000" m_b="0.000000" m_c="0.000000" m_d="1.000000" m_tx="-31.973900" m_ty="-31.647600"/>
  </frame>
  <frame idx="375" w="98" h="103" x="-8.473900" y="-8.647600">
   <element name="frame_circle" layername="frame_circle" frame="0" z_index="0" m_a="1.000000" m_b="0.000000" m_c="0.000000" m_d="1.000000" m_tx="-39.500000" m_ty="-41.500000"/>
   <element name="heart" layername="heart" frame="1" z_index="1" m_a="1.000000" m_b="0.000000" m_c="0.000000" m_d="1.000000" m_tx="-25.101101" m_ty="-22.980400"/>
   <element name="health_level" layername="health_level" frame="8" z_index="2" m_a="1.000000" m_b="0.000000" m_c="0.000000" m_d="1.000000" m_tx="-33.020222" m_ty="-2.923041"/>
   <element name="bg" layername="bg" frame="0" z_index="3" m_a="1.000000" m_b="0.000000" m_c="0.000000" m_d="1.000000" m_tx="-31.605200" m_ty="-31.136999"/>
   <element name="bg2" layername="bg2" frame="0" z_index="4" m_a="1.000000" m_b="0.000000" m_c="0.000000" m_d="1.000000" m_tx="-31.973900" m_ty="-31.647600"/>
  </frame>
  <frame idx="400" w="98" h="103" x="-8.473900" y="-8.647600">
   <element name="frame_circle" layername="frame_circle" frame="0" z_index="0" m_a="1.000000" m_b="0.000000" m_c="0.000000" m_d="1.000000" m_tx="-39.500000" m_ty="-41.500000"/>
   <element name="heart" layername="heart" frame="1" z_index="1" m_a="1.000000" m_b="0.000000" m_c="0.000000" m_d="1.000000" m_tx="-25.101101" m_ty="-22.980400"/>
   <element name="health_level" layername="health_level" frame="7" z_index="2" m_a="1.000000" m_b="0.000000" m_c="0.000000" m_d="1.000000" m_tx="-33.014721" m_ty="-2.539822"/>
   <element name="bg" layername="bg" frame="0" z_index="3" m_a="1.000000" m_b="0.000000" m_c="0.000000" m_d="1.000000" m_tx="-31.605200" m_ty="-31.136999"/>
   <element name="bg2" layername="bg2" frame="0" z_index="4" m_a="1.000000" m_b="0.000000" m_c="0.000000" m_d="1.000000" m_tx="-31.973900" m_ty="-31.647600"/>
  </frame>
  <frame idx="425" w="98" h="103" x="-8.473900" y="-8.647600">
   <element name="frame_circle" layername="frame_circle" frame="0" z_index="0" m_a="1.000000" m_b="0.000000" m_c="0.000000" m_d="1.000000" m_tx="-39.500000" m_ty="-41.500000"/>
   <element name="heart" layername="heart" frame="2" z_index="1" m_a="1.000000" m_b="0.000000" m_c="0.000000" m_d="1.000000" m_tx="-25.101101" m_ty="-22.980400"/>
   <element name="health_level" layername="health_level" frame="6" z_index="2" m_a="1.000000" m_b="0.000000" m_c="0.000000" m_d="1.000000" m_tx="-33.009220" m_ty="-2.461172"/>
   <element name="bg" layername="bg" frame="0" z_index="3" m_a="1.000000" m_b="0.000000" m_c="0.000000" m_d="1.000000" m_tx="-31.605200" m_ty="-31.136999"/>
   <element name="bg2" layername="bg2" frame="0" z_index="4" m_a="1.000000" m_b="0.000000" m_c="0.000000" m_d="1.000000" m_tx="-31.973900" m_ty="-31.647600"/>
  </frame>
  <frame idx="450" w="98" h="103" x="-8.473900" y="-8.647600">
   <element name="frame_circle" layername="frame_circle" frame="0" z_index="0" m_a="1.000000" m_b="0.000000" m_c="0.000000" m_d="1.000000" m_tx="-39.500000" m_ty="-41.500000"/>
   <element name="heart" layername="heart" frame="2" z_index="1" m_a="1.000000" m_b="0.000000" m_c="0.000000" m_d="1.000000" m_tx="-25.101101" m_ty="-22.980400"/>
   <element name="health_level" layername="health_level" frame="5" z_index="2" m_a="1.000000" m_b="0.000000" m_c="0.000000" m_d="1.000000" m_tx="-31.217640" m_ty="1.268882"/>
   <element name="bg" layername="bg" frame="0" z_index="3" m_a="1.000000" m_b="0.000000" m_c="0.000000" m_d="1.000000" m_tx="-31.605200" m_ty="-31.136999"/>
   <element name="bg2" layername="bg2" frame="0" z_index="4" m_a="1.000000" m_b="0.000000" m_c="0.000000" m_d="1.000000" m_tx="-31.973900" m_ty="-31.647600"/>
  </frame>
  <frame idx="475" w="98" h="103" x="-8.473900" y="-8.647600">
   <element name="frame_circle" layername="frame_circle" frame="0" z_index="0" m_a="1.000000" m_b="0.000000" m_c="0.000000" m_d="1.000000" m_tx="-39.500000" m_ty="-41.500000"/>
   <element name="heart" layername="heart" frame="2" z_index="1" m_a="1.000000" m_b="0.000000" m_c="0.000000" m_d="1.000000" m_tx="-25.101101" m_ty="-22.980400"/>
   <element name="health_level" layername="health_level" frame="5" z_index="2" m_a="1.000000" m_b="0.000000" m_c="0.000000" m_d="1.000000" m_tx="-31.063320" m_ty="1.645998"/>
   <element name="bg" layername="bg" frame="0" z_index="3" m_a="1.000000" m_b="0.000000" m_c="0.000000" m_d="1.000000" m_tx="-31.605200" m_ty="-31.136999"/>
   <element name="bg2" layername="bg2" frame="0" z_index="4" m_a="1.000000" m_b="0.000000" m_c="0.000000" m_d="1.000000" m_tx="-31.973900" m_ty="-31.647600"/>
  </frame>
  <frame idx="500" w="98" h="103" x="-8.473900" y="-8.647600">
   <element name="frame_circle" layername="frame_circle" frame="0" z_index="0" m_a="1.000000" m_b="0.000000" m_c="0.000000" m_d="1.000000" m_tx="-39.500000" m_ty="-41.500000"/>
   <element name="heart" layername="heart" frame="2" z_index="1" m_a="1.000000" m_b="0.000000" m_c="0.000000" m_d="1.000000" m_tx="-25.101101" m_ty="-22.980400"/>
   <element name="health_level" layername="health_level" frame="4" z_index="2" m_a="1.000000" m_b="0.000000" m_c="0.000000" m_d="1.000000" m_tx="-29.268641" m_ty="5.382411"/>
   <element name="bg" layername="bg" frame="0" z_index="3" m_a="1.000000" m_b="0.000000" m_c="0.000000" m_d="1.000000" m_tx="-31.605200" m_ty="-31.136999"/>
   <element name="bg2" layername="bg2" frame="0" z_index="4" m_a="1.000000" m_b="0.000000" m_c="0.000000" m_d="1.000000" m_tx="-31.973900" m_ty="-31.647600"/>
  </frame>
  <frame idx="525" w="98" h="103" x="-8.473900" y="-8.647600">
   <element name="frame_circle" layername="frame_circle" frame="0" z_index="0" m_a="1.000000" m_b="0.000000" m_c="0.000000" m_d="1.000000" m_tx="-39.500000" m_ty="-41.500000"/>
   <element name="heart" layername="heart" frame="2" z_index="1" m_a="1.000000" m_b="0.000000" m_c="0.000000" m_d="1.000000" m_tx="-25.101101" m_ty="-22.980400"/>
   <element name="health_level" layername="health_level" frame="3" z_index="2" m_a="1.000000" m_b="0.000000" m_c="0.000000" m_d="1.000000" m_tx="-29.114321" m_ty="5.759528"/>
   <element name="bg" layername="bg" frame="0" z_index="3" m_a="1.000000" m_b="0.000000" m_c="0.000000" m_d="1.000000" m_tx="-31.605200" m_ty="-31.136999"/>
   <element name="bg2" layername="bg2" frame="0" z_index="4" m_a="1.000000" m_b="0.000000" m_c="0.000000" m_d="1.000000" m_tx="-31.973900" m_ty="-31.647600"/>
  </frame>
  <frame idx="550" w="98" h="103" x="-8.473900" y="-8.647600">
   <element name="frame_circle" layername="frame_circle" frame="0" z_index="0" m_a="1.000000" m_b="0.000000" m_c="0.000000" m_d="1.000000" m_tx="-39.500000" m_ty="-41.500000"/>
   <element name="heart" layername="heart" frame="3" z_index="1" m_a="1.000000" m_b="0.000000" m_c="0.000000" m_d="1.000000" m_tx="-25.101101" m_ty="-22.980400"/>
   <element name="health_level" layername="health_level" frame="2" z_index="2" m_a="1.000000" m_b="0.000000" m_c="0.000000" m_d="1.000000" m_tx="-29.105719" m_ty="9.495941"/>
   <element name="bg" layername="bg" frame="0" z_index="3" m_a="1.000000" m_b="0.000000" m_c="0.000000" m_d="1.000000" m_tx="-31.605200" m_ty="-31.136999"/>
   <element name="bg2" layername="bg2" frame="0" z_index="4" m_a="1.000000" m_b="0.000000" m_c="0.000000" m_d="1.000000" m_tx="-31.973900" m_ty="-31.647600"/>
  </frame>
  <frame idx="575" w="98" h="103" x="-8.473900" y="-8.647600">
   <element name="frame_circle" layername="frame_circle" frame="0" z_index="0" m_a="1.000000" m_b="0.000000" m_c="0.000000" m_d="1.000000" m_tx="-39.500000" m_ty="-41.500000"/>
   <element name="heart" layername="heart" frame="3" z_index="1" m_a="1.000000" m_b="0.000000" m_c="0.000000" m_d="1.000000" m_tx="-25.101101" m_ty="-22.980400"/>
   <element name="health_level" layername="health_level" frame="2" z_index="2" m_a="1.000000" m_b="0.000000" m_c="0.000000" m_d="1.000000" m_tx="-27.314140" m_ty="9.873058"/>
   <element name="bg" layername="bg" frame="0" z_index="3" m_a="1.000000" m_b="0.000000" m_c="0.000000" m_d="1.000000" m_tx="-31.605200" m_ty="-31.136999"/>
   <element name="bg2" layername="bg2" frame="0" z_index="4" m_a="1.000000" m_b="0.000000" m_c="0.000000" m_d="1.000000" m_tx="-31.973900" m_ty="-31.647600"/>
  </frame>
  <frame idx="600" w="98" h="103" x="-8.473900" y="-8.647600">
   <element name="frame_circle" layername="frame_circle" frame="0" z_index="0" m_a="1.000000" m_b="0.000000" m_c="0.000000" m_d="1.000000" m_tx="-39.500000" m_ty="-41.500000"/>
   <element name="heart" layername="heart" frame="3" z_index="1" m_a="1.000000" m_b="0.000000" m_c="0.000000" m_d="1.000000" m_tx="-25.101101" m_ty="-22.980400"/>
   <element name="health_level" layername="health_level" frame="1" z_index="2" m_a="1.000000" m_b="0.000000" m_c="0.000000" m_d="1.000000" m_tx="-25.373644" m_ty="13.609500"/>
   <element name="bg" layername="bg" frame="0" z_index="3" m_a="1.000000" m_b="0.000000" m_c="0.000000" m_d="1.000000" m_tx="-31.605200" m_ty="-31.136999"/>
   <element name="bg2" layername="bg2" frame="0" z_index="4" m_a="1.000000" m_b="0.000000" m_c="0.000000" m_d="1.000000" m_tx="-31.973900" m_ty="-31.647600"/>
  </frame>
  <frame idx="625" w="98" h="103" x="-8.473900" y="-8.647600">
   <element name="frame_circle" layername="frame_circle" frame="0" z_index="0" m_a="1.000000" m_b="0.000000" m_c="0.000000" m_d="1.000000" m_tx="-39.500000" m_ty="-41.500000"/>
   <element name="heart" layername="heart" frame="3" z_index="1" m_a="1.000000" m_b="0.000000" m_c="0.000000" m_d="1.000000" m_tx="-25.101101" m_ty="-22.980400"/>
   <element name="health_level" layername="health_level" frame="10" z_index="2" m_a="1.000000" m_b="0.000000" m_c="0.000000" m_d="1.000000" m_tx="-25.216316" m_ty="13.986560"/>
   <element name="bg" layername="bg" frame="0" z_index="3" m_a="1.000000" m_b="0.000000" m_c="0.000000" m_d="1.000000" m_tx="-31.605200" m_ty="-31.136999"/>
   <element name="bg2" layername="bg2" frame="0" z_index="4" m_a="1.000000" m_b="0.000000" m_c="0.000000" m_d="1.000000" m_tx="-31.973900" m_ty="-31.647600"/>
  </frame>
  <frame idx="650" w="98" h="103" x="-8.473900" y="-8.647600">
   <element name="frame_circle" layername="frame_circle" frame="0" z_index="0" m_a="1.000000" m_b="0.000000" m_c="0.000000" m_d="1.000000" m_tx="-39.500000" m_ty="-41.500000"/>
   <element name="heart" layername="heart" frame="3" z_index="1" m_a="1.000000" m_b="0.000000" m_c="0.000000" m_d="1.000000" m_tx="-25.101101" m_ty="-22.980400"/>
   <element name="health_level" layername="health_level" frame="11" z_index="2" m_a="1.000000" m_b="0.000000" m_c="0.000000" m_d="1.000000" m_tx="-21.635559" m_ty="14.065208"/>
   <element name="bg" layername="bg" frame="0" z_index="3" m_a="1.000000" m_b="0.000000" m_c="0.000000" m_d="1.000000" m_tx="-31.605200" m_ty="-31.136999"/>
   <element name="bg2" layername="bg2" frame="0" z_index="4" m_a="1.000000" m_b="0.000000" m_c="0.000000" m_d="1.000000" m_tx="-31.973900" m_ty="-31.647600"/>
  </frame>
  <frame idx="675" w="98" h="103" x="-8.473900" y="-8.647600">
   <element name="frame_circle" layername="frame_circle" frame="0" z_index="0" m_a="1.000000" m_b="0.000000" m_c="0.000000" m_d="1.000000" m_tx="-39.500000" m_ty="-41.500000"/>
   <element name="heart" layername="heart" frame="3" z_index="1" m_a="1.000000" m_b="0.000000" m_c="0.000000" m_d="1.000000" m_tx="-25.101101" m_ty="-22.980400"/>
   <element name="health_level" layername="health_level" frame="11" z_index="2" m_a="1.000000" m_b="0.000000" m_c="0.000000" m_d="1.000000" m_tx="-21.332323" m_ty="14.137508"/>
   <element name="bg" layername="bg" frame="0" z_index="3" m_a="1.000000" m_b="0.000000" m_c="0.000000" m_d="1.000000" m_tx="-31.605200" m_ty="-31.136999"/>
   <element name="bg2" layername="bg2" frame="0" z_index="4" m_a="1.000000" m_b="0.000000" m_c="0.000000" m_d="1.000000" m_tx="-31.973900" m_ty="-31.647600"/>
  </frame>
  <frame idx="700" w="98" h="103" x="-8.473900" y="-8.647600">
   <element name="frame_circle" layername="frame_circle" frame="0" z_index="0" m_a="1.000000" m_b="0.000000" m_c="0.000000" m_d="1.000000" m_tx="-39.500000" m_ty="-41.500000"/>
   <element name="heart" layername="heart" frame="3" z_index="1" m_a="1.000000" m_b="0.000000" m_c="0.000000" m_d="1.000000" m_tx="-25.101101" m_ty="-22.980400"/>
   <element name="health_level" layername="health_level" frame="13" z_index="2" m_a="1.000000" m_b="0.000000" m_c="0.000000" m_d="1.000000" m_tx="-21.320620" m_ty="14.209808"/>
   <element name="bg" layername="bg" frame="0" z_index="3" m_a="1.000000" m_b="0.000000" m_c="0.000000" m_d="1.000000" m_tx="-31.605200" m_ty="-31.136999"/>
   <element name="bg2" layername="bg2" frame="0" z_index="4" m_a="1.000000" m_b="0.000000" m_c="0.000000" m_d="1.000000" m_tx="-31.973900" m_ty="-31.647600"/>
  </frame>
  <frame idx="725" w="98" h="103" x="-8.473900" y="-8.647600">
   <element name="frame_circle" layername="frame_circle" frame="0" z_index="0" m_a="1.000000" m_b="0.000000" m_c="0.000000" m_d="1.000000" m_tx="-39.500000" m_ty="-41.500000"/>
   <element name="heart" layername="heart" frame="3" z_index="1" m_a="1.000000" m_b="0.000000" m_c="0.000000" m_d="1.000000" m_tx="-25.101101" m_ty="-22.980400"/>
   <element name="health_level" layername="health_level" frame="13" z_index="2" m_a="1.000000" m_b="0.000000" m_c="0.000000" m_d="1.000000" m_tx="-21.315119" m_ty="14.282108"/>
   <element name="bg" layername="bg" frame="0" z_index="3" m_a="1.000000" m_b="0.000000" m_c="0.000000" m_d="1.000000" m_tx="-31.605200" m_ty="-31.136999"/>
   <element name="bg2" layername="bg2" frame="0" z_index="4" m_a="1.000000" m_b="0.000000" m_c="0.000000" m_d="1.000000" m_tx="-31.973900" m_ty="-31.647600"/>
  </frame>
 </anim>
</Anims>
